,drug,InChIKeys
0,6-aminocaproic acid,SLXKOJJOQWFEFD-UHFFFAOYSA-N
1,abacavir,MCGSCOLBFJQGHM-SCZZXKLOSA-N
2,acarbose,XUFXOAAUWZOOIT-UGEKTDRHSA-N|XUFXOAAUWZOOIT-SXARVLRPSA-N|XUFXOAAUWZOOIT-JMPDRRIHSA-N|XUFXOAAUWZOOIT-UHFFFAOYSA-N|XUFXOAAUWZOOIT-GPNAOJRPSA-N|XUFXOAAUWZOOIT-AKTIDKTPSA-N|XUFXOAAUWZOOIT-PCKYEMPFSA-N|XUFXOAAUWZOOIT-YCBOVGQPSA-N
3,acebutolol,GOEMGAFJFRBGGG-UHFFFAOYSA-N
4,acetaminophen,RZVAJINKPMORJF-UHFFFAOYSA-N
5,acetazolamide,BZKPWHYZMXOIDC-UHFFFAOYSA-N
6,acetohexamide,VGZSUPCWNCWDAN-UHFFFAOYSA-N
7,acitretin,IHUNBGSDBOWDMA-AQFIFDHZSA-N
8,acyclovir,MKUXAQIIEYXACX-UHFFFAOYSA-N
9,adapalene,LZCDAPDGXCYOEH-UHFFFAOYSA-N
10,adefovir,SUPKOOSCJHTBAH-UHFFFAOYSA-N
11,adenosine,OIRDTQYFTABQOQ-KQYNXXCUSA-N
12,albendazole,HXHWSAZORRCQMX-UHFFFAOYSA-N
13,albuterol,NDAUXUAQIAJITI-UHFFFAOYSA-N
14,alclometasone,FJXOGVLKCZQRDN-PHCHRAKRSA-N
15,alendronate,OGSPWJRAVKPPFI-UHFFFAOYSA-N
16,alitretinoin,SHGAZHPCJJPHSC-ZVCIMWCZSA-N
17,allopurinol,OFCNXPDARWKPPY-UHFFFAOYSA-N
18,alprostadil,GMVPRGQOIOIIMI-DWKJAMRDSA-N
19,amantadine,DKNWSYNQZKUICI-UHFFFAOYSA-N
20,amcinonide,ILKJAFIWWBXGDU-MOGDOJJUSA-N
21,amifostine,JKOQGQFVAUAYPM-UHFFFAOYSA-N
22,amikacin,LKCWBDHBTVXHDL-RMDFUYIESA-N
23,amiloride,XSDQTOBWRPYKKA-UHFFFAOYSA-N
24,aminoglutethimide,ROBVIMPUHSLWNV-UHFFFAOYSA-N
25,aminophylline,FQPFAHBPWDRTLU-UHFFFAOYSA-N
26,aminosalicylic acid,WUBBRNOQWQTFEX-UHFFFAOYSA-N
27,amiodarone,IYIKLHRQXLHMJQ-UHFFFAOYSA-N
28,amitriptyline,KRMDCWKBEZIMAB-UHFFFAOYSA-N
29,amlexanox,SGRYPYWGNKJSDL-UHFFFAOYSA-N
30,amlodipine,HTIQEAQVCYTUBX-UHFFFAOYSA-N
31,amoxapine,QWGDMFLQWFTERH-UHFFFAOYSA-N
32,amoxicillin,LSQZJLSUYDQPKJ-NJBDSQKTSA-N
33,ampicillin,AVKUERGKIZMTKX-NJBDSQKTSA-N
34,amprenavir,YMARZQAQMVYCKC-OEMFJLHTSA-N
35,anagrelide,OTBXOEAOVRKTNQ-UHFFFAOYSA-N
36,anastrozole,YBBLVLTVTVSKRW-UHFFFAOYSA-N
37,anisindione,XRCFXMGQEVUZFC-UHFFFAOYSA-N
38,apraclonidine,IEJXVRYNEISIKR-UHFFFAOYSA-N
39,ardeparin,HTTJABKRGRZYRN-UHFFFAOYSA-N
40,arformoterol,BPZSYCZIITTYBL-YJYMSZOUSA-N
41,argatroban,KXNPVXPOPUZYGB-IOVMHBDKSA-N
42,aripiprazole,CEUORZQYGODEFX-UHFFFAOYSA-N
43,arsenic trioxide,QTLQKAJBUDWPIB-UHFFFAOYSA-N
44,aspirin,BSYNRYMUTXBXSQ-UHFFFAOYSA-N
45,atenolol,METKIMKYRPQLGS-UHFFFAOYSA-N
46,atomoxetine,VHGCDTVCOLNTBX-QGZVFWFLSA-N
47,atorvastatin,XUKUURHRXDUEBC-KAYWLYCHSA-N
48,atovaquone,BSJMWHQBCZFXBR-UHFFFAOYSA-N
49,atropine,RKUNBYITZUJHSG-PJPHBNEVSA-N
50,azatadine,SEBMTIQKRHYNIT-UHFFFAOYSA-N
51,azathioprine,LMEKQMALGUDUQG-UHFFFAOYSA-N
52,azelaic acid,BDJRBEYXGGNYIS-UHFFFAOYSA-N
53,azelastine,MBUVEWMHONZEQD-UHFFFAOYSA-N
54,azithromycin,MQTOSJVFKKJCRP-BICOPXKESA-N
55,aztreonam,WZPBZJONDBGPKJ-VEHQQRBSSA-N|WZPBZJONDBGPKJ-IYZXUIDESA-N|WZPBZJONDBGPKJ-UHFFFAOYSA-N|WZPBZJONDBGPKJ-FSPLSTOPSA-N|WZPBZJONDBGPKJ-CAOOACKPSA-N|WZPBZJONDBGPKJ-PSGLRMFWSA-N|WZPBZJONDBGPKJ-NACOFCMISA-N|WZPBZJONDBGPKJ-HMTIBFNOSA-N
56,bacampicillin,PFOLLRNADZZWEX-FFGRCDKISA-N
57,bacitracin,CLKOFPXJLQSYAH-ABRJDSQDSA-N
58,baclofen,KPYSYYIEGFHWSV-UHFFFAOYSA-N
59,balsalazide,IPOKCKJONYRRHP-UHFFFAOYSA-N
60,beclomethasone,NBMKJKDGKREAPL-DVTGEIKXSA-N
61,benazepril,XPCFTKFZXHTYIP-PMACEKPBSA-N
62,bendroflumethiazide,HDWIHXWEUNVBIY-UHFFFAOYSA-N
63,benzocaine,BLFLLBZGZJTVJG-UHFFFAOYSA-N
64,benzonatate,MAFMQEKGGFWBAB-UHFFFAOYSA-N
65,benzquinamide,JSZILQVIPPROJI-UHFFFAOYSA-N
66,benzthiazide,NDTSRXAMMQDVSW-UHFFFAOYSA-N
67,benztropine,GIJXKZJWITVLHI-YOFSQIOKSA-N
68,bepridil,UIEATEWHFDRYRU-UHFFFAOYSA-N
69,betamethasone,UREBDLICKHMUKA-DVTGEIKXSA-N
70,betaxolol,NWIUTZDMDHAVTP-UHFFFAOYSA-N
71,bethanechol,NZUPCNDJBJXXRF-UHFFFAOYSA-O
72,bexarotene,NAVMQTYZDKMPEU-UHFFFAOYSA-N
73,bicalutamide,LKJPYSCBVHEWIU-UHFFFAOYSA-N
74,bimatoprost,AQOKCDNYWBIDND-FTOWTWDKSA-N
75,biperiden,YSXKPIUOCJLQIE-UHFFFAOYSA-N
76,bismuth subsalicylate,QBWLKDFBINPHFT-UHFFFAOYSA-L
77,bisoprolol,VHYCDWMUTMEGQY-UHFFFAOYSA-N
78,bleomycin,OYVAGSVQBOHSSS-WXFSZRTFSA-O|OYVAGSVQBOHSSS-UHFFFAOYSA-O|OYVAGSVQBOHSSS-UAPAGMARSA-O|OYVAGSVQBOHSSS-QRQYLRPSSA-O|OYVAGSVQBOHSSS-WMBAVFRVSA-O
79,bortezomib,GXJABQQUPOEUTA-RDJZCZTQSA-N
80,bosentan,GJPICJJJRGTNOD-UHFFFAOYSA-N
81,bretylium,AAQOQKQBGPPFNS-UHFFFAOYSA-N
82,brimonidine,XYLJNLCSTIOKRM-UHFFFAOYSA-N
83,brinzolamide,HCRKCZRJWPKOAR-JTQLQIEISA-N
84,bromfenac,ZBPLOVFIXSTCRZ-UHFFFAOYSA-N
85,bromocriptine,OZVBMTJYIDMWIL-AYFBDAFISA-N
86,bromodiphenhydramine,NUNIWXHYABYXKF-UHFFFAOYSA-N
87,brompheniramine,ZDIGNSYAACHWNL-UHFFFAOYSA-N
88,buclizine,MOYGZHXDRJNJEP-UHFFFAOYSA-N
89,budesonide,VOVIALXJUBGFJZ-KWVAZRHASA-N
90,bumetanide,MAEIEVLCKWDQJH-UHFFFAOYSA-N
91,bupivacaine,LEBVLXFERQHONN-UHFFFAOYSA-N
92,bupropion,SNPPWIUOZRMYNY-UHFFFAOYSA-N
93,buspirone,QWCRAEMEVRGPNT-UHFFFAOYSA-N
94,butenafine,ABJKWBDEJIDSJZ-UHFFFAOYSA-N
95,cabergoline,KORNTPPJEAJQIU-KJXAQDMKSA-N
96,caffeine,RYYVLZVUVIJVGH-UHFFFAOYSA-N
97,candesartan,HTQMVQVXFRQIKW-UHFFFAOYSA-N
98,capecitabine,GAGWJHPBXLXJQN-UORFTKCHSA-N
99,captopril,FAKRSMQSSFJEIM-RQJHMYQMSA-N
100,carbachol,AIXAANGOTKPUOY-UHFFFAOYSA-N
101,carbamazepine,FFGPTBGBLSHEPO-UHFFFAOYSA-N
102,carbidopa,TZFNLOMSOLWIDK-JTQLQIEISA-N
103,carbinoxamine,OJFSXZCBGQGRNV-UHFFFAOYSA-N
104,carmustine,DLGOEMSEDOSKAD-UHFFFAOYSA-N
105,carnitine,PHIQHXFUZVPYII-UHFFFAOYSA-N|PHIQHXFUZVPYII-UHFFFAOYSA-O|JXXCENBLGFBQJM-UHFFFAOYSA-N
106,carteolol,LWAFSWPYPHEXKX-UHFFFAOYSA-N
107,carvedilol,OGHNVEJMJSYVRP-UHFFFAOYSA-N
108,cefaclor,QYIYFLOTGYLRGG-GPCCPHFNSA-N
109,cefadroxil,BOEGTKLJZSQCCD-UEKVPHQBSA-N
110,cefamandole,OLVCFLKTBJRLHI-AXAPSJFSSA-N
111,cefazolin,MLYYVTUWGNIJIB-BXKDBHETSA-N
112,cefdinir,RTXOFQZKPXMALH-GHXIOONMSA-N|RTXOFQZKPXMALH-RWFJUVPESA-N|RTXOFQZKPXMALH-PRHODGIISA-N|RTXOFQZKPXMALH-UHFFFAOYSA-N|RTXOFQZKPXMALH-CYUBBOFGSA-N|RTXOFQZKPXMALH-PELKAZGASA-N|RTXOFQZKPXMALH-HWQDRANHSA-N|RTXOFQZKPXMALH-LESKNEHBSA-N
113,cefditoren,KMIPKYQIOVAHOP-YLGJWRNMSA-N
114,cefepime,HVFLCNVBZFFHBT-ZKDACBOMSA-N|HVFLCNVBZFFHBT-FKULVZFESA-N|HVFLCNVBZFFHBT-UHFFFAOYSA-N|HVFLCNVBZFFHBT-FSJBWODESA-N|HVFLCNVBZFFHBT-VEHGQVBJSA-N|HVFLCNVBZFFHBT-CXAGYDPISA-N|HVFLCNVBZFFHBT-FMCGGJTJSA-N
115,cefixime,OKBVVJOGVLARMR-QSWIMTSFSA-N|IPYWNMVPZOAFOQ-NABDTECSSA-N
116,cefoperazone,GCFBRXLSHGKWDP-XCGNWRKASA-N
117,cefotaxime,GPRBEKHLDVQUJE-QSWIMTSFSA-N|AZZMGZXNTDTSME-JUZDKLSSSA-M|GPRBEKHLDVQUJE-QSWIMTSFSA-M
118,cefotetan,SRZNHPXWXCNNDU-RHBCBLIFSA-N
119,cefoxitin,WZOZEZRFJCJXNZ-ZBFHGGJFSA-N
120,cefpodoxime,WYUSVOMTXWRGEK-HBWVYFAYSA-N|WYUSVOMTXWRGEK-LMCFTXQDSA-N|WYUSVOMTXWRGEK-UHFFFAOYSA-N|WYUSVOMTXWRGEK-UFWORHAWSA-N|WYUSVOMTXWRGEK-NOZJJQNGSA-N|WYUSVOMTXWRGEK-LKXIZDLNSA-N
121,cefprozil,WDLWHQDACQUCJR-ZAMMOSSLSA-N|ALYUMNAHLSSTOU-CIRGZYLNSA-N
122,ceftazidime,ORFOPKXBNMVMKC-DWVKKRMSSA-N|ORFOPKXBNMVMKC-KZBLUZIOSA-N|ORFOPKXBNMVMKC-RDTXWAMCSA-N|ORFOPKXBNMVMKC-NHXGUPAESA-N|ORFOPKXBNMVMKC-VJQDWXRWSA-N|ORFOPKXBNMVMKC-CEZXYXJGSA-N
123,ceftibuten,UNJFKXSSGBWRBZ-BJCIPQKHSA-N
124,ceftizoxime,NNULBSISHYWZJU-LLKWHZGFSA-N|NNULBSISHYWZJU-KPLGQKMUSA-N|NNULBSISHYWZJU-UHFFFAOYSA-N|NNULBSISHYWZJU-LDYMZIIASA-N|NNULBSISHYWZJU-IDUWFGFVSA-N|NNULBSISHYWZJU-KCJUWKMLSA-N
125,ceftriaxone,VAAUVRVFOQPIGI-SPQHTLEESA-N|FDRNWTJTHBSPMW-BBJOQENWSA-L|YOBPSXOHCHDCMU-VKZZUTNHSA-M|VAAUVRVFOQPIGI-SPQHTLEESA-L
126,cefuroxime,JFPVXVDWJQMJEE-IZRZKJBUSA-N|JFPVXVDWJQMJEE-SWWZKJRFSA-N|JFPVXVDWJQMJEE-QMTHXVAHSA-N|JFPVXVDWJQMJEE-UHFFFAOYSA-N|JFPVXVDWJQMJEE-FNJDJUNISA-N
127,celecoxib,RZEKVGVHFLEQIL-UHFFFAOYSA-N
128,cephalexin,ZAIPMKNFIOOWCQ-UEKVPHQBSA-N
129,cephalothin,XIURVHNZVLADCM-IUODEOHRSA-N
130,cephapirin,UQLLWWBDSUHNEB-CZUORRHYSA-N
131,cephradine,RDLPVSKMFDYCOR-UEKVPHQBSA-N
132,cetirizine,ZKLPARSLTMPFCP-UHFFFAOYSA-N
133,cevimeline,WUTYZMFRCNBCHQ-PSASIEDQSA-N|WUTYZMFRCNBCHQ-UHFFFAOYSA-N|WUTYZMFRCNBCHQ-LHIURRSHSA-N|WUTYZMFRCNBCHQ-WPRPVWTQSA-N|WUTYZMFRCNBCHQ-HTLJXXAVSA-N
134,chloramphenicol,WIIZWVCIJKGZOK-RKDXNWHRSA-N
135,chloroprocaine,VDANGULDQQJODZ-UHFFFAOYSA-N
136,chloroquine,WHTVZRBIWZFKQO-UHFFFAOYSA-N
137,chlorothiazide,JBMKAUGHUNFTOL-UHFFFAOYSA-N
138,chlorotrianisene,BFPSDSIWYFKGBC-UHFFFAOYSA-N
139,chlorpheniramine,SOYKEARSMXGVTM-UHFFFAOYSA-N
140,chlorpromazine,ZPEIMTDSQAKGNT-UHFFFAOYSA-N
141,chlorpropamide,RKWGIWYCVPQPMF-UHFFFAOYSA-N
142,chlorprothixene,WSPOMRSOLSGNFJ-AUWJEWJLSA-N|WSPOMRSOLSGNFJ-VGOFMYFVSA-N|WSPOMRSOLSGNFJ-UHFFFAOYSA-N
143,chlorthalidone,JIVPVXMEBJLZRO-UHFFFAOYSA-N
144,chlorzoxazone,TZFWDZFKRBELIQ-UHFFFAOYSA-N
145,ciclesonide,LUKZNWIVRBCLON-GXOBDPJESA-N
146,cidofovir,VWFCHDSQECPREK-LURJTMIESA-N
147,cilastatin,DHSUYTOATWAVLW-WFVMDLQDSA-N
148,cilostazol,RRGUKTPIGVIEKM-UHFFFAOYSA-N
149,cimetidine,AQIXAKUUQRKLND-UHFFFAOYSA-N
150,cinoxacin,VDUWPHTZYNWKRN-UHFFFAOYSA-N
151,ciprofloxacin,MYSWGUAQZAJSOK-UHFFFAOYSA-N
152,citalopram,WSEQXVZVJXJVFP-UHFFFAOYSA-N
153,cladribine,PTOAARAWEBMLNO-KVQBGUIXSA-N
154,clemastine,YNNUSGIPVFPVBX-NHCUHLMSSA-N
155,clidinium,HOOSGZJRQIVJSZ-UHFFFAOYSA-N
156,clindamycin,KDLRVYVGXIQJDK-AWPVFWJPSA-N|KDLRVYVGXIQJDK-NOWPCOIGSA-N|KDLRVYVGXIQJDK-UHFFFAOYSA-N|KDLRVYVGXIQJDK-ZUWRKQLMSA-N|KDLRVYVGXIQJDK-ZNZDIMKLSA-N|KDLRVYVGXIQJDK-NKPHASNASA-N|KDLRVYVGXIQJDK-PSUNAQLJSA-N|KDLRVYVGXIQJDK-NQQGAZBYSA-N|KDLRVYVGXIQJDK-BVGIQVCNSA-N
157,clobetasol,FCSHDIVRCWTZOX-DVTGEIKXSA-N
158,clocortolone,YMTMADLUXIRMGX-RFPWEZLHSA-N
159,clofazimine,WDQPAMHFFCXSNU-UHFFFAOYSA-N
160,clofibrate,KNHUKKLJHYUCFP-UHFFFAOYSA-N
161,clomiphene,GKIRPKYJQBWNGO-UHFFFAOYSA-N|GKIRPKYJQBWNGO-OCEACIFDSA-N|GKIRPKYJQBWNGO-QPLCGJKRSA-N
162,clomipramine,GDLIGKIOYRNHDA-UHFFFAOYSA-N
163,clonidine,GJSURZIOUXUGAL-UHFFFAOYSA-N
164,clotrimazole,VNFPBHJOKIVQEB-UHFFFAOYSA-N
165,cloxacillin,LQOLIRLGBULYKD-JKIFEVAISA-N
166,clozapine,QZUDBNBUXVUHMW-UHFFFAOYSA-N
167,colchicine,IAKHMKGGTNLKSZ-INIZCTEOSA-N
168,cromolyn,IMZMKUWMOSJXDT-UHFFFAOYSA-N
169,cyclacillin,HGBLNBBNRORJKI-WCABBAIRSA-N
170,cyclizine,UVKZSORBKUEBAZ-UHFFFAOYSA-N
171,cyclobenzaprine,JURKNVYFZMSNLP-UHFFFAOYSA-N
172,cycloserine,DYDCUQKUCUHJBH-UWTATZPHSA-N
173,cyclothiazide,BOCUKUHCLICSIY-UHFFFAOYSA-N
174,cyproheptadine,JJCFRYNCJDLXIK-UHFFFAOYSA-N
175,cysteamine,UFULAYFCSOUIOV-UHFFFAOYSA-N
176,cytarabine,UHDGCWIWMRVCDJ-CCXZUQQUSA-N
177,dacarbazine,FDKXTQMXEQVLRF-ZHACJKMWSA-N|FDKXTQMXEQVLRF-UHFFFAOYSA-N
178,dalfopristin,SUYRLXYYZQTJHF-VMBLUXKRSA-N|SUYRLXYYZQTJHF-SSBZBSMWSA-N|SUYRLXYYZQTJHF-FENKCRFESA-N|SUYRLXYYZQTJHF-FUODUHIRSA-N|SUYRLXYYZQTJHF-UHFFFAOYSA-N|SUYRLXYYZQTJHF-RGLHSHDHSA-N|SUYRLXYYZQTJHF-RJUFQJKESA-N|SUYRLXYYZQTJHF-OQOKHMTHSA-N|SUYRLXYYZQTJHF-PSUTZUHDSA-N
179,danazol,POZRVZJJTULAOH-LHZXLZLDSA-N
180,dantrolene,OZOMQRBLCMDCEG-VIZOYTHASA-N|OZOMQRBLCMDCEG-CHHVJCJISA-N|OZOMQRBLCMDCEG-UHFFFAOYSA-N
181,dapiprazole,RFWZESUMWJKKRN-UHFFFAOYSA-N
182,dapsone,MQJKPEGWNLWLTK-UHFFFAOYSA-N
183,daunorubicin,STQGQHZAVUOBTE-VGBVRHCVSA-N
184,delavirdine,WHBIGIKBNXZKFE-UHFFFAOYSA-N
185,demecarium,RWZVPVOZTJJMNU-UHFFFAOYSA-N
186,demeclocycline,GUXHBMASAHGULD-SEYHBJAFSA-N
187,deserpidine,CVBMAZKKCSYWQR-WCGOZPBSSA-N
188,desflurane,DPYMFVXJLLWWEU-UHFFFAOYSA-N
189,desipramine,HCYAFALTSJYZDH-UHFFFAOYSA-N
190,desloratadine,JAUOIFJMECXRGI-UHFFFAOYSA-N
191,desogestrel,RPLCPCMSCLEKRS-BPIQYHPVSA-N
192,desonide,WBGKWQHBNHJJPZ-LECWWXJVSA-N
193,desoximetasone,VWVSBHGCDBMOOT-IIEHVVJPSA-N
194,dexamethasone,UREBDLICKHMUKA-CXSFZGCWSA-N
195,dexbrompheniramine,ZDIGNSYAACHWNL-HNNXBMFYSA-N
196,dexmedetomidine,CUHVIMMYOGQXCV-NSHDSACASA-N
197,dexrazoxane,BMKDZUISNHGIBY-ZETCQYMHSA-N
198,dextromethorphan,MKXZASYAUGDDCJ-NJAFHUGGSA-N
199,dezocine,VTMVHDZWSFQSQP-VBNZEHGJSA-N
200,diazoxide,GDLBFKVLRPITMI-UHFFFAOYSA-N
201,dibucaine,PUFQVTATUTYEAL-UHFFFAOYSA-N
202,dichlorphenamide,GJQPMPFPNINLKP-UHFFFAOYSA-N
203,diclofenac,DCOPUUMXTXDBNB-UHFFFAOYSA-N
204,dicloxacillin,YFAGHNZHGGCZAX-JKIFEVAISA-N
205,dicumarol,DOBMPNYZJYQDGZ-UHFFFAOYSA-N
206,dicyclomine,CURUTKGFNZGFSE-UHFFFAOYSA-N
207,didanosine,BXZVVICBKDXVGW-NKWVEPMBSA-N
208,diethylstilbestrol,RGLYKWWBQGJZGM-ISLYRVAYSA-N
209,diflorasone,WXURHACBFYSXBI-XHIJKXOTSA-N
210,diflunisal,HUPFGZXOMWLGNK-UHFFFAOYSA-N
211,digitoxin,WDJUZGPOPHTGOT-XUDUSOBPSA-N
212,digoxin,LTMHDMANZUZIPE-PUGKRICDSA-N
213,dihematoporphyrin ether,GWZHDTBIMSWHQH-UHFFFAOYSA-N
214,dihydroergotamine,LUZRJRNZXALNLM-JGRZULCMSA-N
215,dihydrotachysterol,ILYCWAKSDCYMBB-OPCMSESCSA-N|ILYCWAKSDCYMBB-UHFFFAOYSA-N|ILYCWAKSDCYMBB-KWOSLRGBSA-N|ILYCWAKSDCYMBB-ZJGOHBTISA-N|ILYCWAKSDCYMBB-PBDFLTHWSA-N|ILYCWAKSDCYMBB-BHPHZGNISA-N|ILYCWAKSDCYMBB-MBDMRWRFSA-N|ILYCWAKSDCYMBB-AQSBEPBVSA-N|ILYCWAKSDCYMBB-CEQNRCNESA-N|ILYCWAKSDCYMBB-PHWRSAMZSA-N|ILYCWAKSDCYMBB-MZEYWERNSA-N
216,diltiazem,HSUGRBWQSSZJOP-RTWAWAEBSA-N
217,dimenhydrinate,NFLLKCVHYJRNRH-UHFFFAOYSA-N
218,dinoprostone,XEYBRNLFEZDVAW-ARSRFYASSA-N
219,diphenhydramine,ZZVUWRFHKOJYTH-UHFFFAOYSA-N
220,diphenidol,OGAKLTJNUQRZJU-UHFFFAOYSA-N
221,dipivefrin,OCUJLLGVOUDECM-UHFFFAOYSA-N
222,disopyramide,UVTNFZQICZKOEM-UHFFFAOYSA-N
223,disulfiram,AUZONCFQVSMFAP-UHFFFAOYSA-N
224,dobutamine,JRWZLRBJNMZMFE-UHFFFAOYSA-N
225,docetaxel,ZDZOTLJHXYCWBA-VCVYQWHSSA-N
226,dofetilide,IXTMWRCNAAVVAI-UHFFFAOYSA-N
227,dolasetron,UKTAZPQNNNJVKR-AKJUYKBHSA-N|PSGRLCOSIXJUAL-ZPQKBBRKSA-N
228,donepezil,ADEBPBSSDYVVLD-UHFFFAOYSA-N
229,dopamine,VYFYYTLLBUKUHU-UHFFFAOYSA-N
230,dorzolamide,IAVUPMFITXYVAF-XPUUQOCRSA-N
231,doxazosin,RUZYUOTYCVRMRZ-UHFFFAOYSA-N
232,doxepin,ODQWQRRAPPTVAG-GZTJUZNOSA-N|ODQWQRRAPPTVAG-UHFFFAOYSA-N|ODQWQRRAPPTVAG-BOPFTXTBSA-N
233,doxorubicin,AOJJSUZBOXZQNB-TZSSRYMLSA-N
234,doxycycline,SGKRLCUYIXIAHR-AKNGSSGZSA-N
235,doxylamine,HCFDWZZGGLSKEP-UHFFFAOYSA-N
236,droperidol,RMEDXOLNCUSCGS-UHFFFAOYSA-N
237,dutasteride,JWJOTENAMICLJG-QWBYCMEYSA-N
238,dyclonine,BZEWSEKUUPWQDQ-UHFFFAOYSA-N
239,dyphylline,KSCFJBIXMNOVSH-UHFFFAOYSA-N
240,echothiophate,BJOLKYGKSZKIGU-UHFFFAOYSA-N
241,econazole,LEZWWPYKPKIXLL-UHFFFAOYSA-N
242,edrophonium,VWLHWLSRQJQWRG-UHFFFAOYSA-O
243,efavirenz,XPOQHMRABVBWPR-ZDUSSCGKSA-N
244,emedastine,KBUZBQVCBVDWKX-UHFFFAOYSA-N
245,enalapril,GBXSMTUPTTWBMN-XIRDDKMYSA-N
246,enflurane,JPGQOUSTVILISH-UHFFFAOYSA-N
247,enoxacin,IDYZIJYBMGIQMJ-UHFFFAOYSA-N
248,enoxaparin,HTTJABKRGRZYRN-UHFFFAOYSA-N
249,entacapone,JRURYQJSLYLRLN-BJMVGYQFSA-N
250,ephedrine,KWGRBVOPPLSCSI-WPRPVWTQSA-N
251,epinephrine,UCTWMZQNUQWSLP-VIFPVBQESA-N
252,epirubicin,AOJJSUZBOXZQNB-VTZDEGQISA-N
253,eplerenone,JUKPWJGBANNWMW-VWBFHTRKSA-N
254,epoprostenol,KAQKFAOMNZTLHT-OZUDYXHBSA-N|LMHIPJMTZHDKEW-XQYLJSSYSA-M|WHVPOEPABJZBBY-XQYLJSSYSA-N|LMHIPJMTZHDKEW-XQYLJSSYSA-N
255,eprosartan,OROAFUQRIXKEMV-LDADJPATSA-N
256,ergoloid mesylates  usp,
257,ergotamine,XCGSFFUVFURLIX-VFGNJEKYSA-N
258,ertapenem,JUZNIMUFDBIJCM-ANEDZVCMSA-N
259,erythrityl tetranitrate,SNFOERUNNSHUGP-ZXZARUISSA-N|SNFOERUNNSHUGP-UHFFFAOYSA-N
260,erythromycin,ULGZDMOVFRHVEP-RWJQBGPGSA-N
261,escitalopram,WSEQXVZVJXJVFP-FQEVSTJZSA-N
262,esmolol,AQNDDEOPVVGCPG-UHFFFAOYSA-N
263,esomeprazole,SUBDBMMJDZJVOS-DEOSSOPVSA-N|SUBDBMMJDZJVOS-UHFFFAOYSA-N|SUBDBMMJDZJVOS-XMMPIXPASA-N
264,estradiol,VOXZDWNPVJITMN-ZBRFXRBCSA-N
265,estramustine,FRPJXPJMRWBBIH-RBRWEJTLSA-N
266,estrogens,QTTMOCOWZLSYSV-QWAPEVOJSA-M
267,estrone,DNXHEGUUPJUMQT-CBZIJGRNSA-N
268,ethacrynic acid,AVOLMBLBETYQHX-UHFFFAOYSA-N
269,ethambutol,AEUTYOVWOVBAKS-UWVGGRQHSA-N
270,ethanol,LFQSCWFLJHTTHZ-UHFFFAOYSA-N
271,ethinyl estradiol,BFPYWIDHMRZLRN-SLHNCBLASA-N
272,ethionamide,AEOCXXJPGCBFJA-UHFFFAOYSA-N
273,ethosuximide,HAPOVYFOVVWLRS-UHFFFAOYSA-N
274,ethotoin,SZQIFWWUIBRPBZ-UHFFFAOYSA-N
275,ethynodiol,JYILPERKVHXLNF-QMNUTNMBSA-N
276,etodolac,NNYBQONXHNTVIJ-UHFFFAOYSA-N
277,etomidate,NPUKDXXFDDZOKR-LLVKDONJSA-N|NPUKDXXFDDZOKR-UHFFFAOYSA-N|NPUKDXXFDDZOKR-NSHDSACASA-N
278,etoposide,VJJPUSNTGOMMGY-MRVIYFEKSA-N
279,exemestane,BFYIZQONLCFLEV-DAELLWKTSA-N
280,ezetimibe,OLNTVTPDXPETLC-XPWALMASSA-N
281,famciclovir,GGXKWVWZWMLJEH-UHFFFAOYSA-N
282,famotidine,XUFQPHANEAPEMJ-UHFFFAOYSA-N|XUFQPHANEAPEMJ-UHFFFAOYSA-N|XUFQPHANEAPEMJ-UHFFFAOYSA-N
283,felbamate,WKGXYQFOCVYPAC-UHFFFAOYSA-N
284,felodipine,RZTAMFZIAATZDJ-UHFFFAOYSA-N
285,fenofibrate,YMTINGFKWWXKFG-UHFFFAOYSA-N
286,fenoldopam,TVURRHSHRRELCG-UHFFFAOYSA-N
287,fenoprofen,RDJGLLICXDHJDY-UHFFFAOYSA-N
288,fexofenadine,RWTNPBWLLIMQHL-UHFFFAOYSA-N
289,finasteride,DBEPLOCGEIEOCV-WSBQPABSSA-N
290,flavoxate,SPIUTQOUKAMGCX-UHFFFAOYSA-N
291,flecainide,DJBNUMBKLMJRSA-UHFFFAOYSA-N
292,floxuridine,ODKNJVUHOIMIIZ-RRKCRQDMSA-N
293,fluconazole,RFHAOTPXVQNOHP-UHFFFAOYSA-N
294,flucytosine,XRECTZIEBJDKEO-UHFFFAOYSA-N
295,fludarabine,HBUBKKRHXORPQB-FJFJXFQQSA-N
296,fludrocortisone,AAXVEMMRQDVLJB-BULBTXNYSA-N
297,flumazenil,OFBIFZUFASYYRE-UHFFFAOYSA-N
298,flunisolide,XSFJVAJPIHIPKU-XWCQMRHXSA-N
299,fluocinolone,UUOUOERPONYGOS-CLCRDYEYSA-N
300,fluocinonide,WJOHZNCJWYWUJD-IUGZLZTKSA-N
301,fluorometholone,FAOZLTXFLGPHNG-KNAQIMQKSA-N
302,fluorouracil,GHASVSINZRGABV-UHFFFAOYSA-N
303,fluoxetine,RTHCYVBBDHJXIQ-UHFFFAOYSA-N
304,fluphenazine,PLDUPXSUYLZYBN-UHFFFAOYSA-N
305,flurandrenolide,POPFMWWJOGLOIF-XWCQMRHXSA-N
306,flurbiprofen,SYTBZMRGLBWNTM-UHFFFAOYSA-N
307,flutamide,MKXKFYHWDHIYRV-UHFFFAOYSA-N
308,fluticasone,MGNNYOODZCAHBA-GQKYHHCASA-N
309,fluvastatin,FJLGEFLZQAZZCD-MCBHFWOFSA-N|ZGGHKIMDNBDHJB-NRFPMOEYSA-M|FJLGEFLZQAZZCD-MCBHFWOFSA-M
310,fluvoxamine,CJOFXWAVKWHTFT-XSFVSMFZSA-N
311,fomepizole,RIKMMFOAQPJVMX-UHFFFAOYSA-N
312,formoterol,BPZSYCZIITTYBL-UHFFFAOYSA-N|BPZSYCZIITTYBL-YJYMSZOUSA-N|BPZSYCZIITTYBL-ORAYPTAESA-N
313,foscarnet,ZJAOAACCNHFJAH-UHFFFAOYSA-N
314,fosfomycin,YMDXZJFXQJVXBF-STHAYSLISA-N
315,fosinopril,BIDNLKIUORFRQP-FKDWWROVSA-N|BIDNLKIUORFRQP-XYGFDPSESA-N|BIDNLKIUORFRQP-UHFFFAOYSA-N|BIDNLKIUORFRQP-AJTMIRJTSA-N|BIDNLKIUORFRQP-VOARXEPJSA-N|BIDNLKIUORFRQP-FLODCBCLSA-N|BIDNLKIUORFRQP-FMKQPIRPSA-N|BIDNLKIUORFRQP-UEFVMQGBSA-N
316,fosphenytoin,XWLUWCNOOVRFPX-UHFFFAOYSA-N
317,fulvestrant,VWUXBMIQPBEWFH-WCCTWKNTSA-N
318,furosemide,ZZUFCTLCJUWOSV-UHFFFAOYSA-N
319,gabapentin,UGJMXCAKCUNAIE-UHFFFAOYSA-N
320,galantamine,ASUTZQLVASHGKV-JDFRZJQESA-N
321,ganciclovir,IRSCQMHQWWYFCW-UHFFFAOYSA-N
322,gatifloxacin,XUBOMFCQGDBHNK-UHFFFAOYSA-N
323,gefitinib,XGALLCVXEZPNRQ-UHFFFAOYSA-N
324,gemcitabine,SDUQYLNIPVEERB-QPPQHZFASA-N
325,gemfibrozil,HEMJJKBWTPKOJG-UHFFFAOYSA-N
326,gemifloxacin,ZRCVYEYHRGVLOC-HYARGMPZSA-N|ZRCVYEYHRGVLOC-HMAPJEAMSA-N|ZRCVYEYHRGVLOC-UHFFFAOYSA-N|ZRCVYEYHRGVLOC-RYHXONBMSA-N
327,gentamicin sulfate (usp),CEAZRRDELHUEMR-UHFFFAOYSA-N
328,glimepiride,WIGIZIANZCJQQY-UHFFFAOYSA-N
329,glipizide,ZJJXGWJIGJFDTL-UHFFFAOYSA-N
330,glucosamine,MSWZFWKMSRAUBD-IVMDWMLBSA-N
331,glyburide,ZNNLBTZKUZBEKO-UHFFFAOYSA-N
332,glycopyrrolate,VPNYRYCIDCJBOM-UHFFFAOYSA-M
333,gonadorelin,XLXSAKCOAKORKW-AQJXLSMYSA-N
334,griseofulvin,DDUHZTYCFQRHIY-RBHXEPJQSA-N
335,guanabenz,WDZVGELJXXEGPV-YIXHJXPBSA-N|WDZVGELJXXEGPV-UHFFFAOYSA-N|WDZVGELJXXEGPV-PQMHYQBVSA-N
336,guanadrel,HPBNRIOWIXYZFK-UHFFFAOYSA-N
337,guanethidine,ACGDKVXYNVEAGU-UHFFFAOYSA-N
338,guanfacine,INJOMKTZOLKMBF-UHFFFAOYSA-N
339,halobetasol,LEHFPXVYPMWYQD-XHIJKXOTSA-N
340,halofantrine,FOHHNHSLJDZUGQ-UHFFFAOYSA-N
341,haloperidol,LNEPOXFFQSENCJ-UHFFFAOYSA-N
342,halothane,BCQZXOMGPXTTIC-UHFFFAOYSA-N
343,hexachlorophene,ACGUYXCXAPNIKK-UHFFFAOYSA-N
344,homatropine,ZTVIKZXZYLEVOL-DGKWVBSXSA-N|ZTVIKZXZYLEVOL-UHFFFAOYSA-N|ZTVIKZXZYLEVOL-IXXDHKBRSA-N|ZTVIKZXZYLEVOL-NAOUJUTFSA-N|ZTVIKZXZYLEVOL-QNIGDANOSA-N
345,hydralazine,RPTUSVTUFVMDQK-UHFFFAOYSA-N
346,hydrochlorothiazide,JZUFKLXOESDKRF-UHFFFAOYSA-N
347,hydrocortisone,JYGXADMDTFJGBT-VWUMJDOOSA-N
348,hydroflumethiazide,DMDGGSIALPNSEE-UHFFFAOYSA-N
349,hydroxocobalamin,DQOCFCZRZOAIBN-WZHZPDAFSA-L|YOZNUFWCRFCGIH-WZHZPDAFSA-K|DQOCFCZRZOAIBN-IQFXPAJWSA-L|DQOCFCZRZOAIBN-WZHZPDAFSA-L|DQOCFCZRZOAIBN-PMEYKKDOSA-L|ITFLMCXLENHUAD-WZHZPDAFSA-L|DQOCFCZRZOAIBN-UVKKECPRSA-L|DQOCFCZRZOAIBN-AZCDKEHOSA-L|DQOCFCZRZOAIBN-JLKASCPDSA-L|DQOCFCZRZOAIBN-WZHZPDAFSA-L|TUMIEHFYGNUNBB-JJUQEKPGSA-L|RHYVGCKRBKDRDX-UHFFFAOYSA-L|ITFLMCXLENHUAD-WZHZPDAFSA-M|ITFLMCXLENHUAD-PYFZXISVSA-L|YOZNUFWCRFCGIH-UHFFFAOYSA-K|DQOCFCZRZOAIBN-BYFNXCQMSA-M|DQOCFCZRZOAIBN-WZHZPDAFSA-M
350,hydroxychloroquine,XXSMGPRMXLTPCZ-UHFFFAOYSA-N
351,hydroxyurea,VSNHCAURESNICA-UHFFFAOYSA-N
352,hydroxyzine,ZQDWXGKKHFNSQK-UHFFFAOYSA-N
353,hyoscyamine,RKUNBYITZUJHSG-VFSICIBPSA-N|RKUNBYITZUJHSG-PJPHBNEVSA-N|RKUNBYITZUJHSG-LGGPCSOHSA-N|RKUNBYITZUJHSG-UHFFFAOYSA-N|RKUNBYITZUJHSG-PRLABOORSA-N|RKUNBYITZUJHSG-QXULXFAOSA-N|RKUNBYITZUJHSG-OFQRWUPVSA-N
354,ibuprofen,HEFNNWSXXWATRW-UHFFFAOYSA-N
355,ibutilide,ALOBUEHUHMBRLE-UHFFFAOYSA-N
356,idarubicin,XDXDZDZNSLXDNA-TZNDIEGXSA-N
357,idoxuridine,XQFRJNBWHJMXHO-RRKCRQDMSA-N
358,iloprost,HIFJCPQKFCZDDL-ACWOEMLNSA-N|HIFJCPQKFCZDDL-SGSAMSKHSA-N|HIFJCPQKFCZDDL-UHFFFAOYSA-N|HIFJCPQKFCZDDL-CSAIKYROSA-N|HIFJCPQKFCZDDL-GBSCXWAGSA-N|HIFJCPQKFCZDDL-QYUAYYPJSA-N|HIFJCPQKFCZDDL-NYBPDPFASA-N|HIFJCPQKFCZDDL-JYTNZNGZSA-N|HIFJCPQKFCZDDL-PNQLYJIOSA-N
359,imatinib,KTUFNOKKBVMGRW-UHFFFAOYSA-N
360,imipenem,ZSKVGTPCRGIANV-ZXFLCMHBSA-N
361,imipramine,BCGWQEUPMDMJNV-UHFFFAOYSA-N
362,imiquimod,DOUYETYNHWVLEO-UHFFFAOYSA-N
363,inamrinone,RNLQIBCLLYYYFJ-UHFFFAOYSA-N
364,indapamide,NDDAHWYSQHTHNT-UHFFFAOYSA-N
365,indinavir,CBVCZFGXHXORBI-PXQQMZJSSA-N
366,indomethacin,CGIGDMFJXJATDK-UHFFFAOYSA-N
367,ipratropium,OEXHQOGQTVQTAT-BZQJJPTISA-N|OEXHQOGQTVQTAT-UHFFFAOYSA-N|OEXHQOGQTVQTAT-SSZRJXQFSA-N|OEXHQOGQTVQTAT-PPAWOBCPSA-N
368,irbesartan,YOSHYTLCDANDAN-UHFFFAOYSA-N
369,irinotecan,UWKQSNNFCGGAFS-XIFFEERXSA-N
370,isocarboxazid,XKFPYPQQHFEXRZ-UHFFFAOYSA-N
371,isoetharine,HUYWAWARQUIQLE-UHFFFAOYSA-N
372,isoflurane,PIWKPBJCKXDKJR-UHFFFAOYSA-N
373,isoflurophate,MUCZHBLJLSDCSD-UHFFFAOYSA-N
374,isoniazid,QRXWMOHMRWLFEY-UHFFFAOYSA-N
375,isoproterenol,JWZZKOKVBUJMES-UHFFFAOYSA-N
376,isosorbide,KLDXJTOLSGUMSJ-JGWLITMVSA-N
377,isosorbide dinitrate,MOYKHGMNXAOIAT-JGWLITMVSA-N
378,isotretinoin,SHGAZHPCJJPHSC-XFYACQKRSA-N
379,isradipine,HMJIYCCIJYRONP-UHFFFAOYSA-N
380,itraconazole,VHVPQPYKVGDNFY-ZPGVKDDISA-N|VHVPQPYKVGDNFY-UHFFFAOYSA-N|VHVPQPYKVGDNFY-AVQIMAJZSA-N|VHVPQPYKVGDNFY-TUJWMRSMSA-N|VHVPQPYKVGDNFY-VXTATNQMSA-N|VHVPQPYKVGDNFY-DFMJLFEVSA-N
381,ivermectin,AZSNMRSAGSSBNP-XPNPUAGNSA-N|AZSNMRSAGSSBNP-UHFFFAOYSA-N|AZSNMRSAGSSBNP-ZGXOMDHGSA-N|AZSNMRSAGSSBNP-KKWNAUQJSA-N|AZSNMRSAGSSBNP-PKKUKZFLSA-N|AZSNMRSAGSSBNP-NDJJZKGWSA-N|AZSNMRSAGSSBNP-ONDMGMIHSA-N|AZSNMRSAGSSBNP-ZLRQRZFZSA-N|AZSNMRSAGSSBNP-GXYQGZGZSA-N|AZSNMRSAGSSBNP-ONSIXYKOSA-N|AZSNMRSAGSSBNP-VRFQAOMKSA-N|AZSNMRSAGSSBNP-NQSNVJSVSA-N|AZSNMRSAGSSBNP-RDKIRRGNSA-N|AZSNMRSAGSSBNP-LFOOHIAMSA-N|AZSNMRSAGSSBNP-TYECJXEWSA-N|AZSNMRSAGSSBNP-HEBHSACISA-N|AZSNMRSAGSSBNP-XTMCYPOKSA-N
382,kanamycin,SBUJHOSQTJFQJX-NOAMYHISSA-N
383,ketamine,YQEZLKZALYSWHR-UHFFFAOYSA-N
384,ketoconazole,XMAYWYJOQHXEEK-OZXSUGGESA-N|XMAYWYJOQHXEEK-ZEQKJWHPSA-N|XMAYWYJOQHXEEK-UHFFFAOYSA-N|XMAYWYJOQHXEEK-NASUQTAISA-N|XMAYWYJOQHXEEK-ZZHFZYNASA-N
385,ketoprofen,DKYWVDODHFEZIM-UHFFFAOYSA-N
386,ketorolac,OZWKMVRBQXNZKK-UHFFFAOYSA-N
387,labetalol,SGUAFYQXFOLMHL-UHFFFAOYSA-N
388,lactulose,JCQLYHFGKNRPGE-FCVZTGTOSA-N|JCQLYHFGKNRPGE-UHFFFAOYSA-N|JCQLYHFGKNRPGE-DNMRROERSA-N|JCQLYHFGKNRPGE-WJONTELPSA-N|JCQLYHFGKNRPGE-KOFANXPFSA-N|JCQLYHFGKNRPGE-DJYZFUSFSA-N
389,lamivudine,JTEGQNOMFQHVDC-NKWVEPMBSA-N
390,lamotrigine,PYZRQGJRPPTADH-UHFFFAOYSA-N
391,lansoprazole,MJIHNNLFOKEZEW-UHFFFAOYSA-N
392,latanoprost,GGXICVAJURFBLW-CEYXHVGTSA-N
393,leflunomide,VHOGYURTWQBHIL-UHFFFAOYSA-N
394,letrozole,HPJKCIUCZWXJDR-UHFFFAOYSA-N
395,leucovorin,VVIAGPKUTFNRDU-ABLWVSNPSA-N
396,levamisole,HLFSDGLLUJUHTE-SNVBAGLBSA-N
397,levetiracetam,HPHUVLMMVZITSG-LURJTMIESA-N
398,levobunolol,IXHBTMCLRNMKHZ-LBPRGKRZSA-N
399,levobupivacaine,LEBVLXFERQHONN-INIZCTEOSA-N
400,levocabastine,ZCGOMHNNNFPNMX-YHYDXASRSA-N
401,levodopa,WTDRDQBEARUVNC-LURJTMIESA-N
402,levofloxacin,GSDSWSVVBLHKDQ-JTQLQIEISA-N
403,levomethadyl,XBMIVRRWGCYBTQ-AVRDEDQJSA-N|XBMIVRRWGCYBTQ-UHFFFAOYSA-N
404,lidocaine,NNJVILVZKWQKPM-UHFFFAOYSA-N
405,lincomycin,OJMMVQQUTAEWLP-KIDUDLJLSA-N
406,lindane,JLYXXMFPNIAWKQ-UHFFFAOYSA-N
407,lisinopril,RLAWWYSOJDYHDC-BZSNNMDCSA-N
408,lithium,WHXSMMKQMYFTQS-UHFFFAOYSA-N
409,lomefloxacin,ZEKZLJVOYLTDKK-UHFFFAOYSA-N
410,loperamide,RDOIQAHITMMDAJ-UHFFFAOYSA-N
411,lopinavir,KJHKTHWMRKYKJE-SUGCFTRWSA-N
412,loracarbef,JAPHQRWPEGVNBT-UTUOFQBUSA-N
413,loratadine,JCCNYMKQOSZNPW-UHFFFAOYSA-N
414,lorazepam,DIWRORZWFLOCLC-UHFFFAOYSA-N
415,losartan,PSIFNNKUMBGKDQ-UHFFFAOYSA-N
416,loteprednol,YPZVAYHNBBHPTO-MXRBDKCISA-N
417,lovastatin,PCZOHLXUXFIOCF-BXMDZJJMSA-N
418,loxapine,XJGVXQDUIWGIRW-UHFFFAOYSA-N
419,magnesium sulfate,CSNNHWWHGAXBCP-UHFFFAOYSA-L
420,malathion,JXSJBGJIGXNWCI-UHFFFAOYSA-N
421,maprotiline,QSLMDECMDJKHMQ-UHFFFAOYSA-N
422,masoprocol,HCZKYJDFEPMADG-TXEJJXNPSA-N
423,mazindol,ZPXSCAKFGYXMGA-UHFFFAOYSA-N
424,mebendazole,OPXLLQIJSORQAM-UHFFFAOYSA-N
425,mecamylamine,IMYZQPCYWPFTAG-UHFFFAOYSA-N
426,meclizine,OCJYIGYOJCODJL-UHFFFAOYSA-N
427,medroxyprogesterone,FRQMUZJSZHZSGN-HBNHAYAOSA-N
428,medrysone,GZENKSODFLBBHQ-ILSZZQPISA-N
429,mefenamic acid,HYYBABOKPJLUIN-UHFFFAOYSA-N
430,mefloquine,XEEQGYMUWCZPDN-UHFFFAOYSA-N|XEEQGYMUWCZPDN-DOMZBBRYSA-N|XEEQGYMUWCZPDN-SWLSCSKDSA-N|XEEQGYMUWCZPDN-IUODEOHRSA-N|XEEQGYMUWCZPDN-WFASDCNBSA-N|XEEQGYMUWCZPDN-CVRLYYSRSA-N
431,megestrol,VXIMPSPISRVBPZ-NWUMPJBXSA-N
432,meloxicam,ZRVUJXDFFKFLMG-UHFFFAOYSA-N
433,menthol,NOOLISFMXDJSKH-UHFFFAOYSA-N
434,meperidine,XADCESSVHJOZHK-UHFFFAOYSA-N
435,mephenytoin,GMHKMTDVRCWUDX-UHFFFAOYSA-N
436,mephobarbital,ALARQZQTBTVLJV-UHFFFAOYSA-N
437,mepivacaine,INWLQCZOYSRPNW-UHFFFAOYSA-N
438,mercaptopurine,GLVAUDGFNGKCSF-UHFFFAOYSA-N
439,meropenem,DMJNNHOOLUXYBV-PQTSNVLCSA-N
440,mesalamine,KBOPZPXVLCULAV-UHFFFAOYSA-N
441,mesoridazine,SLVMESMUVMCQIY-UHFFFAOYSA-N
442,metaproterenol,LMOINURANNBYCM-UHFFFAOYSA-N
443,metaraminol,WXFIGDLSSYIKKV-RCOVLWMOSA-N
444,metformin,XZWYZXLIPXDOLR-UHFFFAOYSA-N
445,methadone,USSIQXCVUWKGNF-UHFFFAOYSA-N
446,methazolamide,FLOSMHQXBMRNHR-UHFFFAOYSA-N
447,methdilazine,HTMIBDQKFHUPSX-UHFFFAOYSA-N
448,methimazole,PMRYVIKBURPHAH-UHFFFAOYSA-N
449,methotrexate,FBOZXECLQNJBKD-ZDUSSCGKSA-N
450,methotrimeprazine,VRQVVMDWGGWHTJ-CQSZACIVSA-N
451,methscopolamine,LZCOQTDXKCNBEE-XJMZPCNVSA-N
452,methyclothiazide,CESYKOGBSMNBPD-UHFFFAOYSA-N
453,methyldopa,CJCSPKMFHVPWAR-JTQLQIEISA-N
454,methylergonovine,UNBRKDKAWYKMIV-QWQRMKEZSA-N
455,methylphenidate,DUGOZIWVEXMGBE-UHFFFAOYSA-N
456,methylprednisolone,VHRSUDSXCMQTMA-PJHHCJLFSA-N
457,metipranolol,BQIPXWYNLPYNHW-UHFFFAOYSA-N
458,metoclopramide,TTWJBBZEZQICBI-UHFFFAOYSA-N
459,metocurine,JFXBEKISTKFVAB-AJQTZOPKSA-N
460,metocurine iodide,DIGFQJFCDPKEPF-OIUSMDOTSA-L
461,metolazone,AQCHWTWZEMGIFD-UHFFFAOYSA-N
462,metoprolol,IUBSYMUCCVWXPE-UHFFFAOYSA-N
463,metronidazole,VAOCPAMSLUNLGC-UHFFFAOYSA-N
464,metyrosine,NHTGHBARYWONDQ-JTQLQIEISA-N
465,mexiletine,VLPIATFUUWWMKC-UHFFFAOYSA-N
466,mezlocillin,YPBATNHYBCGSSN-VWPFQQQWSA-N
467,miconazole,BYBLEWFAAKGYCD-UHFFFAOYSA-N
468,midodrine,PTKSEFOSCHHMPD-UHFFFAOYSA-N
469,mifepristone,VKHAHZOOUSRJNA-GCNJZUOMSA-N
470,miglitol,IBAQFPQHRJAVAV-ULAWRXDQSA-N
471,milrinone,PZRHRDRVRGEVNW-UHFFFAOYSA-N
472,minocycline,FFTVPQUHLQBXQZ-KVUCHLLUSA-N
473,minoxidil,ZIMGGGWCDYVHOY-UHFFFAOYSA-N
474,mirtazapine,RONZAEMNMFQXRA-UHFFFAOYSA-N
475,mitotane,JWBOIMRXGHLCPP-UHFFFAOYSA-N
476,mitoxantrone,KKZJGLLVHKMTCM-UHFFFAOYSA-N
477,modafinil,YFGHCGITMMYXAQ-UHFFFAOYSA-N
478,moexipril,UWWDHYUMIORJTA-HSQYWUDLSA-N
479,molindone,KLPWJLBORRMFGK-UHFFFAOYSA-N
480,mometasone,QLIIKPVHVRXHRI-CXSFZGCWSA-N
481,montelukast,UCHDWCPVSPXUMX-TZIWLTJVSA-N
482,moricizine,FUBVWMNBEHXPSU-UHFFFAOYSA-N
483,morphine,BQJCRHHNABKAKU-KBQPJGBKSA-N
484,moxifloxacin,FABPRXSRWADJSP-MEDUHNTESA-N
485,mupirocin,MINDHVHHQZYEEK-HBBNESRFSA-N
486,mycophenolate mofetil,RTGDFNSFWBGLEC-SYZQJQIISA-N
487,mycophenolic acid,HPNSFSBZBAHARI-RUDMXATFSA-N
488,nabilone,GECBBEABIDMGGL-RTBURBONSA-N
489,nabumetone,BLXXJMDCKKHMKV-UHFFFAOYSA-N
490,nadolol,VWPOSFSPZNDTMJ-UCWKZMIHSA-N
491,nafarelin,RWHUEXWOYVBUCI-ITQXDASVSA-N
492,nafcillin,GPXLMGHLHQJAGZ-JTDSTZFVSA-N
493,naftifine,OZGNYLLQHRPOBR-DHZHZOJOSA-N
494,nalbuphine,NETZHAKZCGBWSS-CEDHKZHLSA-N
495,naloxone,UZHSEJADLWPNLE-GRGSLBFTSA-N
496,naltrexone,DQCKKXVULJGBQN-XFWGSAIBSA-N
497,naproxen,CMWTZPSULFXXJA-VIFPVBQESA-N
498,nateglinide,OELFLUMRDSZNSF-OFLPRAFFSA-N
499,nedocromil,RQTOOFIXOKYGAN-UHFFFAOYSA-N
500,nelfinavir,QAGYKUNXZHXKMR-HKWSIXNMSA-N
501,neomycin,PGBHMTALBVVCIT-VCIWKGPPSA-N
502,neostigmine,ALWKGYPQUAPLQC-UHFFFAOYSA-N
503,netilmicin,CIDUJQMULVCIBT-MQDUPKMGSA-N
504,nevirapine,NQDJXKOVJZTUJA-UHFFFAOYSA-N
505,nicardipine,ZBBHBTPTTSWHBA-UHFFFAOYSA-N
506,nicotine,SNICXCGAKADSCV-JTQLQIEISA-N
507,nifedipine,HYIMSNHJOBLJNT-UHFFFAOYSA-N
508,nilutamide,XWXYUMMDTVBTOU-UHFFFAOYSA-N
509,nimodipine,UIAGMCDKSXEBJQ-UHFFFAOYSA-N
510,nisoldipine,VKQFCGNPDRICFG-UHFFFAOYSA-N
511,nitazoxanide,YQNQNVDNTFHQSW-UHFFFAOYSA-N
512,nitisinone,OUBCNLGXQFSTLU-UHFFFAOYSA-N
513,nitric oxide,MWUXSHHQAYIFBG-UHFFFAOYSA-N
514,nitrofurantoin,NXFQHRVNIOXGAQ-YCRREMRBSA-N
515,nitrofurazone,IAIWVQXQOWNYOU-FPYGCLRLSA-N
516,nitroglycerin,SNIOPGDIGTZGOP-UHFFFAOYSA-N
517,nitroprusside,
518,nizatidine,SGXXNSQHWDMGGP-IZZDOVSWSA-N
519,norepinephrine,SFLSHLFXELFNJZ-QMMMGPOBSA-N
520,norethindrone,VIKNJXKGJWUCNN-XGXHKTLJSA-N
521,norfloxacin,OGJPXUAPXNRGGI-UHFFFAOYSA-N
522,norgestimate,KIQQMECNKUGGKA-NMYWJIRASA-N|KIQQMECNKUGGKA-NPUFKNHTSA-N|KIQQMECNKUGGKA-YLONDYRMSA-N|KIQQMECNKUGGKA-GOMYTPFNSA-N|KIQQMECNKUGGKA-UHFFFAOYSA-N|KIQQMECNKUGGKA-OMEWWMGKSA-N|KIQQMECNKUGGKA-LCGVZOIFSA-N|KIQQMECNKUGGKA-BSNLUDBSSA-N|KIQQMECNKUGGKA-ASDLVFBPSA-N|KIQQMECNKUGGKA-FQJIAJBMSA-N|KIQQMECNKUGGKA-VGTSXJLQSA-N
523,nortriptyline,PHVGLTMQBUFIQQ-UHFFFAOYSA-N
524,ofloxacin,GSDSWSVVBLHKDQ-UHFFFAOYSA-N
525,olanzapine,KVWDHTXUZHCGIO-UHFFFAOYSA-N
526,olmesartan,VTRAEEWXHOVJFV-UHFFFAOYSA-N
527,olopatadine,JBIMVDZLSHOPLA-LSCVHKIXSA-N
528,omeprazole,SUBDBMMJDZJVOS-UHFFFAOYSA-N
529,ondansetron,FELGMEQIXOGIFQ-UHFFFAOYSA-N
530,orlistat,AHLBNYSZXLDEJQ-FWEHEUNISA-N
531,orphenadrine,QVYRGXJJSLMXQH-UHFFFAOYSA-N
532,oxacillin,UWYHMGVUTGAWSP-JKIFEVAISA-N
533,oxandrolone,QSLJIVKCVHQPLV-PEMPUTJUSA-N
534,oxaprozin,OFPXSFXSNFPTHF-UHFFFAOYSA-N
535,oxazepam,ADIMAYPTOBDMTL-UHFFFAOYSA-N
536,oxcarbazepine,CTRLABGOLIVAIY-UHFFFAOYSA-N
537,oxiconazole,QRJJEGAJXVEBNE-HKOYGPOVSA-N
538,oxybutynin,XIQVNETUBQGFHX-UHFFFAOYSA-N
539,oxymetazoline,WYWIFABBXFUGLM-UHFFFAOYSA-N
540,oxymorphone,UQCNKQCJZOAFTQ-ISWURRPUSA-N
541,oxytetracycline,OWFJMIVZYSDULZ-PXOLEDIWSA-N
542,paclitaxel,RCINICONZNJXQF-MZXODVADSA-N
543,pamidronate,WRUUGTRCQOWXEG-UHFFFAOYSA-N
544,pantoprazole,IQPSEEYGBUAQFF-UHFFFAOYSA-N
545,papaverine,XQYZDYMELSJDRZ-UHFFFAOYSA-N
546,paricalcitol,BPKAHTKRCLCHEA-UBFJEZKGSA-N
547,paromomycin,UOZODPSAJZTQNH-LSWIJEOBSA-N
548,paroxetine,AHOUBRCZNHFOSL-YOEHRIQHSA-N
549,pemirolast,HIANJWSAHKJQTH-UHFFFAOYSA-N
550,penbutolol,KQXKVJAGOJTNJS-HNNXBMFYSA-N
551,penciclovir,JNTOCHDNEULJHD-UHFFFAOYSA-N
552,penicillin g,JGSARLDLIJGVTE-MBNYWOFBSA-N
553,penicillin v,BPLBGHOLXOTWMN-MBNYWOFBSA-N
554,pentamidine,XDRYMKDFEDOLFX-UHFFFAOYSA-N
555,pentazocine,VOKSWYLNZZRQPF-GDIGMMSISA-N
556,pentobarbital,WEXRUCMBJFQVBZ-UHFFFAOYSA-N
557,pentosan polysulfate,FCCNSUIJIOOXEZ-SJYYZXOBSA-N
558,pentostatin,FPVKHBSQESCIEP-JQCXWYLXSA-N
559,pentoxifylline,BYPFEZZEUUWMEJ-UHFFFAOYSA-N
560,perindopril,IPVQLZZIHOAWMC-QXKUPLGCSA-N
561,perphenazine,RGCVKNLCSQQDEP-UHFFFAOYSA-N
562,phenacemide,XPFRXWCVYUEORT-UHFFFAOYSA-N
563,phenelzine,RMUCZJUITONUFY-UHFFFAOYSA-N
564,phenindamine,ISFHAYSTHMVOJR-UHFFFAOYSA-N
565,pheniramine,IJHNSHDBIRRJRN-UHFFFAOYSA-N
566,phenobarbital,DDBREPKUVSBGFI-UHFFFAOYSA-N
567,phenoxybenzamine,QZVCTJOXCFMACW-UHFFFAOYSA-N
568,phenprocoumon,DQDAYGNAKTZFIW-UHFFFAOYSA-N
569,phentolamine,MRBDMNSDAVCSSF-UHFFFAOYSA-N
570,phenylephrine,SONNWYBIRXJNDC-VIFPVBQESA-N
571,phenytoin,CXOFVDLJLONNDW-UHFFFAOYSA-N
572,physostigmine,PIJVFDBKTWXHHD-HIFRSBDPSA-N
573,pilocarpine,QCHFTSOMWOSFHM-WPRPVWTQSA-N
574,pimecrolimus,KASDHRXLYQOAKZ-XDSKOBMDSA-N|KASDHRXLYQOAKZ-OLHLVPFQSA-N|KASDHRXLYQOAKZ-ZPSXYTITSA-N|KASDHRXLYQOAKZ-XRYIWSAPSA-N|KASDHRXLYQOAKZ-KDCWXYOMSA-N|KASDHRXLYQOAKZ-XOKIQWJDSA-N|KASDHRXLYQOAKZ-UHFFFAOYSA-N|KASDHRXLYQOAKZ-WFELOUSSSA-N|KASDHRXLYQOAKZ-RNZHFBRZSA-N|KASDHRXLYQOAKZ-CUMYOKFYSA-N|KASDHRXLYQOAKZ-AMASXYNMSA-N|KASDHRXLYQOAKZ-YEVXOFILSA-N|KASDHRXLYQOAKZ-HUMFOWAFSA-N|KASDHRXLYQOAKZ-DMVFBPFZSA-N|KASDHRXLYQOAKZ-YFMQXNBHSA-N|KASDHRXLYQOAKZ-BJMBAXCKSA-N|KASDHRXLYQOAKZ-PASKOVIUSA-N
575,pimozide,YVUQSNJEYSNKRX-UHFFFAOYSA-N
576,pindolol,JZQKKSLKJUAGIC-UHFFFAOYSA-N
577,pioglitazone,HYAFETHFCAUJAY-UHFFFAOYSA-N
578,piperacillin,IVBHGBMCVLDMKU-GXNBUGAJSA-N
579,pirbuterol,VQDBNKDJNJQRDG-UHFFFAOYSA-N
580,piroxicam,QYSPLQLAKJAUJT-UHFFFAOYSA-N
581,podofilox,YJGVMLPVUAXIQN-XVVDYKMHSA-N
582,polythiazide,CYLWJCABXYDINA-UHFFFAOYSA-N
583,pramipexole,FASDKYOPVNHBLU-ZETCQYMHSA-N
584,pravastatin,TUZYXOIXSAXUGO-PZAWKZKUSA-N
585,prazosin,IENZQIKPVFGBNW-UHFFFAOYSA-N
586,prednicarbate,FNPXMHRZILFCKX-KAJVQRHHSA-N
587,prednisolone,OIGNJSKKLXVSLS-VWUMJDOOSA-N
588,prednisone,XOFYZVNMUHMLCC-ZPOLXVRWSA-N
589,prilocaine,MVFGUOIZUNYYSO-UHFFFAOYSA-N
590,primaquine,INDBQLZJXZLFIT-UHFFFAOYSA-N
591,primidone,DQMZLTXERSFNPB-UHFFFAOYSA-N
592,probenecid,DBABZHXKTCFAPX-UHFFFAOYSA-N
593,procainamide,REQCZEXYDRLIBE-UHFFFAOYSA-N
594,procaine,MFDFERRIHVXMIY-UHFFFAOYSA-N
595,prochlorperazine,WIKYUJGCLQQFNW-UHFFFAOYSA-N
596,procyclidine,WYDUSKDSKCASEF-UHFFFAOYSA-N
597,progesterone,RJKFOVLPORLFTN-LEKSSAKUSA-N
598,proguanil,SSOLNOMRVKKSON-UHFFFAOYSA-N
599,promazine,ZGUGWUXLJSTTMA-UHFFFAOYSA-N
600,promethazine,PWWVAXIEGOYWEE-UHFFFAOYSA-N
601,propafenone,JWHAUXFOSRPERK-UHFFFAOYSA-N
602,propantheline,VVWYOYDLCMFIEM-UHFFFAOYSA-N
603,propiomazine,UVOIBTBFPOZKGP-UHFFFAOYSA-N
604,propofol,OLBCVFGFOZPWHH-UHFFFAOYSA-N
605,propranolol,AQHHHDLHHXJYJD-UHFFFAOYSA-N
606,propylthiouracil,KNAHARQHSZJURB-UHFFFAOYSA-N
607,protriptyline,BWPIARFWQZKAIA-UHFFFAOYSA-N
608,pseudoephedrine,KWGRBVOPPLSCSI-WCBMZHEXSA-N
609,pyrazinamide,IPEHBUMCGVEMRF-UHFFFAOYSA-N
610,pyridostigmine,RVOLLAQWKVFTGE-UHFFFAOYSA-N
611,pyrimethamine,WKSAUQYGYAYLPV-UHFFFAOYSA-N
612,quetiapine,URKOMYMAXPYINW-UHFFFAOYSA-N
613,quinacrine,GPKJTRJOBQGKQK-UHFFFAOYSA-N
614,quinapril,JSDRRTOADPPCHY-HSQYWUDLSA-N
615,quinestrol,PWZUUYSISTUNDW-VAFBSOEGSA-N
616,quinethazone,AGMMTXLNIQSRCG-UHFFFAOYSA-N
617,quinidine,LOUPRKONTZGTKE-LHHVKLHASA-N
618,quinine,LOUPRKONTZGTKE-WZBLMQSHSA-N
619,rabeprazole,YREYEVIYCVEVJK-UHFFFAOYSA-N
620,raloxifene,GZUITABIAKMVPG-UHFFFAOYSA-N
621,ramipril,HDACQVRGBOVJII-JBDAPHQKSA-N
622,ranolazine,XKLMZUWKNUAPSZ-UHFFFAOYSA-N
623,remifentanil,ZTVQQQVZCWLTDF-UHFFFAOYSA-N
624,repaglinide,FAEKWTJYAYMJKF-QHCPKHFHSA-N
625,rescinnamine,SZLZWPPUNLXJEA-QEGASFHISA-N
626,reserpine,QEVHRUUCFGRFIF-MDEJGZGSSA-N
627,ribavirin,IWUCXVSUMQZMFG-AFCXAGJDSA-N
628,rifabutin,ZWBTYMGEBZUQTK-PVLSIAFMSA-N|ZWBTYMGEBZUQTK-ASBZJICESA-N|ZWBTYMGEBZUQTK-AMWSOCTHSA-N|ZWBTYMGEBZUQTK-OZFKZPMASA-N|ZWBTYMGEBZUQTK-OZKAIBRQSA-N|ZWBTYMGEBZUQTK-DNEPJJHDSA-N|ZWBTYMGEBZUQTK-HBZSWILLSA-N|ZWBTYMGEBZUQTK-SHULBWHJSA-N
629,rifapentine,WDZCUPBHRAEYDL-GZAUEHORSA-N|WDZCUPBHRAEYDL-PRHSTWAZSA-N|WDZCUPBHRAEYDL-QEDJKGLXSA-N|WDZCUPBHRAEYDL-NAFQJNKLSA-N|WDZCUPBHRAEYDL-LYDPARFQSA-N|WDZCUPBHRAEYDL-UHFFFAOYSA-N|WDZCUPBHRAEYDL-BGZYVKEHSA-N|WDZCUPBHRAEYDL-HJTBMZGUSA-N|WDZCUPBHRAEYDL-PWXWUWFUSA-N|WDZCUPBHRAEYDL-METIDKAPSA-N|WDZCUPBHRAEYDL-FHDUCCPFSA-N|WDZCUPBHRAEYDL-QFWJEWEWSA-N|WDZCUPBHRAEYDL-USLNORDZSA-N|WDZCUPBHRAEYDL-LBJWSYCFSA-N|WDZCUPBHRAEYDL-RDKOBYJASA-N|WDZCUPBHRAEYDL-YUUOHQKVSA-N
630,riluzole,FTALBRSUTCGOEG-UHFFFAOYSA-N
631,rimexolone,QTTRZHGPGKRAFB-OOKHYKNYSA-N
632,risedronate,IIDJRNMFWXDHID-UHFFFAOYSA-N
633,risperidone,RAPZEAPATHNIPO-UHFFFAOYSA-N
634,ritonavir,NCDNCNXCDXHOMX-XGKFQTDJSA-N
635,rivastigmine,XSVMFMHYUFZWBK-NSHDSACASA-N
636,ropinirole,UHSKFQJFRQCDBE-UHFFFAOYSA-N
637,ropivacaine,ZKMNUMMKYBVTFN-HNNXBMFYSA-N
638,rosiglitazone,YASAKCUCGLMORW-UHFFFAOYSA-N
639,salicylic acid,YGSDEFSMJLZEOE-UHFFFAOYSA-N
640,salmeterol,GIIZNNXWQWCKIB-UHFFFAOYSA-N
641,salsalate,WVYADZUPLLSGPU-UHFFFAOYSA-N
642,saquinavir,QWAXKHKRTORLEM-UGJKXSETSA-N
643,scopolamine,STECJAGHUSJQJN-USLFZFAMSA-N|STECJAGHUSJQJN-UHFFFAOYSA-N|STECJAGHUSJQJN-MKXJHAPZSA-N|STECJAGHUSJQJN-SFSMXDMGSA-N|STECJAGHUSJQJN-QBMZJCKTSA-N|STECJAGHUSJQJN-PMFPHFEJSA-N|STECJAGHUSJQJN-YOHVKPHQSA-N|STECJAGHUSJQJN-YXPYLGEYSA-N|STECJAGHUSJQJN-UQTPLXADSA-N|STECJAGHUSJQJN-YXMSTPNBSA-N|STECJAGHUSJQJN-XSZHVHBUSA-N|STECJAGHUSJQJN-BAPHQMLMSA-N|STECJAGHUSJQJN-XUDOQVRBSA-N
644,secobarbital,KQPKPCNLIDLUMF-UHFFFAOYSA-N
645,selegiline,MEZLKOACVSPNER-GFCCVEGCSA-N
646,sertraline,VGKDLMBJGBXTGI-SJCJKPOMSA-N
647,sildenafil,BNRNXUUZRGQAQC-UHFFFAOYSA-N
648,simvastatin,RYMZZMVNJRMUDD-HGQWONQESA-N
649,sitagliptin,MFFMDFFZMYYVKS-SECBINFHSA-N
650,sodium tetradecyl sulfate,UPUIQOIQVMNQAP-UHFFFAOYSA-M
651,sotalol,ZBMZVLHSJCTVON-UHFFFAOYSA-N
652,sparfloxacin,DZZWHBIBMUVIIW-DTORHVGOSA-N
653,spectinomycin,UNFWWIHTNXNPBV-WXKVUWSESA-N
654,spironolactone,LXMSZDCAJNLERA-ZHYRCANASA-N
655,stavudine,XNKLLVCARDGLGL-JGVFFNPUSA-N
656,streptomycin,UCSJYZPVAKXKNQ-HZYVHMACSA-N
657,sufentanil,GGCSSNBKKAUURC-UHFFFAOYSA-N
658,sulfacetamide,SKIVFJLNDNKQPD-UHFFFAOYSA-N
659,sulfacytine,SIBQAECNSSQUOD-UHFFFAOYSA-N
660,sulfadiazine,SEEPANYCNGTZFQ-UHFFFAOYSA-N
661,sulfadoxine,PJSFRIWCGOHTNF-UHFFFAOYSA-N
662,sulfamethizole,VACCAVUAMIDAGB-UHFFFAOYSA-N
663,sulfamethoxazole,JLKIGFTWXXRPMT-UHFFFAOYSA-N
664,sulfanilamide,FDDDEECHVMSUSB-UHFFFAOYSA-N
665,sulfapyridine,GECHUMIMRBOMGK-UHFFFAOYSA-N
666,sulfasalazine,NCEXYHBECQHGNR-UHFFFAOYSA-N
667,sulfinpyrazone,MBGGBVCUIVRRBF-UHFFFAOYSA-N
668,sulfisoxazole,NHUHCSRWZMLRLA-UHFFFAOYSA-N
669,sulindac,MLKXDPUZXIRXEP-MFOYZWKCSA-N
670,sumatriptan,KQKPFRSPSRPDEB-UHFFFAOYSA-N
671,tacrine,YLJREFDVOIBQDA-UHFFFAOYSA-N
672,tacrolimus,QJJXYPPXXYFBGM-LFZNUXCKSA-N
673,tadalafil,WOXKDUGGOYFFRN-IIBYNOLFSA-N
674,tamoxifen,NKANXQFJJICGDU-QPLCGJKRSA-N
675,tamsulosin,DRHKJLXJIQTDTD-OAHLLOKOSA-N
676,tazarotene,OGQICQVSFDPSEI-UHFFFAOYSA-N
677,tazobactam,LPQZKKCYTLCDGQ-WEDXCCLWSA-N
678,telmisartan,RMMXLENWKUUMAY-UHFFFAOYSA-N
679,temazepam,SEQDDYPDSLOBDC-UHFFFAOYSA-N
680,teniposide,NRUKOCRGYNPUPR-QBPJDGROSA-N
681,terazosin,VCKUSRYTPJJLNI-UHFFFAOYSA-N
682,terbinafine,DOMXUEMWDBAQBQ-WEVVVXLNSA-N
683,terbutaline,XWTYSIMOBUGWOL-UHFFFAOYSA-N
684,terconazole,BLSQLHNBWJLIBQ-OZXSUGGESA-N
685,testolactone,BPEWUONYVDABNZ-DZBHQSCQSA-N
686,testosterone,MUMGGOZAMZWBJJ-DYKIIFRCSA-N
687,tetracycline,NWXMGUDVXFXRIG-WESIUVDSSA-N
688,theophylline,ZFXYFBGIUFBOJW-UHFFFAOYSA-N
689,thiabendazole,WJCNZQLZVWNLKY-UHFFFAOYSA-N
690,thiethylperazine,XCTYLCDETUVOIP-UHFFFAOYSA-N
691,thiopental,IUJDSEJGGMCXSG-UHFFFAOYSA-N
692,thioridazine,KLBQZWRITKRQQV-UHFFFAOYSA-N
693,thyroxine,XUIIKFGFIJCVMT-LBPRGKRZSA-N
694,tiagabine,PBJUNZJWGZTSKL-MRXNPFEDSA-N
695,ticarcillin,OHKOGUYZJXTSFX-KZFFXBSXSA-N
696,ticlopidine,PHWBOXQYWZNQIN-UHFFFAOYSA-N
697,tiludronate,DKJJVAGXPKPDRL-UHFFFAOYSA-N
698,timolol,BLJRIMJGRPQVNF-JTQLQIEISA-N
699,tioconazole,QXHHHPZILQDDPS-UHFFFAOYSA-N
700,tiotropium,LERNTVKEWCAPOY-FPISHFTHSA-N
701,tirofiban,COKMIXFXJJXBQG-NRFANRHFSA-N
702,tizanidine,XFYDIVBRZNQMJC-UHFFFAOYSA-N
703,tobramycin,NLVFBUXFDBBNBW-PBSUHMDJSA-N
704,tocainide,BUJAGSGYPOAWEI-UHFFFAOYSA-N
705,tolazamide,OUDSBRTVNLOZBN-UHFFFAOYSA-N
706,tolazoline,JIVZKJJQOZQXQB-UHFFFAOYSA-N
707,tolbutamide,JLRGJRBPOGGCBT-UHFFFAOYSA-N
708,tolmetin,UPSPUYADGBWSHF-UHFFFAOYSA-N
709,tolterodine,OOGJQPCLVADCPB-HXUWFJFHSA-N
710,topiramate,KJADKKWYZYXHBB-XBWDGYHZSA-N
711,topotecan,UCFGDBYHRUNTLO-QHCPKHFHSA-N
712,toremifene,XFCLJVABOIYOMF-QPLCGJKRSA-N
713,torsemide,NGBFQHCMQULJNZ-UHFFFAOYSA-N
714,tramadol,TVYLLZQTGLZFBW-ZBFHGGJFSA-N
715,trandolapril,VXFJYXUZANRPDJ-WTNASJBWSA-N
716,tranexamic acid,GYDJEQRTZSCIOI-UHFFFAOYSA-N
717,tranylcypromine,AELCINSCMGFISI-DTWKUNHWSA-N|AELCINSCMGFISI-UHFFFAOYSA-N|AELCINSCMGFISI-YGPZHTELSA-N|AELCINSCMGFISI-BDAKNGLRSA-N
718,travoprost,MKPLKVHSHYCHOC-AHTXBMBWSA-N
719,trazodone,PHLBKPHSAVXXEF-UHFFFAOYSA-N
720,treprostinil,PAJMKGZZBBTTOY-ZFORQUDYSA-N
721,triamcinolone,GFNANZIMVAIWHM-OBYCQNJPSA-N
722,triamterene,FNYLWPVRPXGIIP-UHFFFAOYSA-N
723,trichlormethiazide,LMJSLTNSBFUCMU-UHFFFAOYSA-N
724,trifluoperazine,ZEWQUBUPAILYHI-UHFFFAOYSA-N
725,triflupromazine,XSCGXQMFQXDFCW-UHFFFAOYSA-N
726,trifluridine,VSQQQLOSPVPRAZ-RRKCRQDMSA-N
727,trihexyphenidyl,HWHLPVGTWGOCJO-UHFFFAOYSA-N
728,triiodothyronine,AUYYCJSJGJYCDS-LBPRGKRZSA-N
729,trimeprazine,ZZHLYYDVIOPZBE-UHFFFAOYSA-N
730,trimethadione,IRYJRGCIQBGHIV-UHFFFAOYSA-N
731,trimethaphan,CHQOEHPMXSHGCL-UHFFFAOYSA-N
732,trimethoprim,IEDVJHCEMCRBQM-UHFFFAOYSA-N
733,trimetrexate,NOYPYLRCIDNJJB-UHFFFAOYSA-N
734,trimipramine,ZSCDBOWYZJWBIY-UHFFFAOYSA-N
735,tripelennamine,UFLGIAIHIAPJJC-UHFFFAOYSA-N
736,triprolidine,CBEQULMOCCWAQT-WOJGMQOQSA-N
737,troleandomycin,LQCLVBQBTUVCEQ-QTFUVMRISA-N
738,tropicamide,BGDKAVGWHJFAGW-UHFFFAOYSA-N
739,trovafloxacin,WVPSKSLAZQPAKQ-SOSAQKQKSA-N
740,ursodiol,RUDATBOHQWOJDD-UZVSRGJWSA-N
741,valacyclovir,HDOVUKNUBWVHOX-QMMMGPOBSA-N
742,valproic acid,NIJJYAXOARWZEE-UHFFFAOYSA-N
743,valrubicin,ZOCKGBMQLCSHFP-KQRAQHLDSA-N
744,valsartan,ACWBQPMHZXGDFX-QFIPXVFZSA-N
745,vancomycin,MYPYJXKWCTUITO-LYRMYLQWSA-N
746,venlafaxine,PNVNVHUZROJLTJ-UHFFFAOYSA-N
747,verapamil,SGTNSNPWRIOYBX-UHFFFAOYSA-N
748,vidarabine,OIRDTQYFTABQOQ-UHTZMRCNSA-N
749,vinblastine,JXLYSJRDGCGARV-CFWMRBGOSA-N|JXLYSJRDGCGARV-XQKSVPLYSA-N|JXLYSJRDGCGARV-UHFFFAOYSA-N|JXLYSJRDGCGARV-CUGARIAGSA-N|JXLYSJRDGCGARV-JQQWJEIDSA-N|JXLYSJRDGCGARV-FTZBXFTGSA-N|JXLYSJRDGCGARV-HAVDPRAOSA-N|JXLYSJRDGCGARV-PFZUDZJTSA-N
750,vincristine,OGWKCGZFUXNPDA-XQKSVPLYSA-N|OGWKCGZFUXNPDA-CFWMRBGOSA-N|OGWKCGZFUXNPDA-DLBZMDDPSA-N|OGWKCGZFUXNPDA-UHFFFAOYSA-N|OGWKCGZFUXNPDA-CUGARIAGSA-N|OGWKCGZFUXNPDA-BWGBWKQMSA-N|OGWKCGZFUXNPDA-FUOYXGTBSA-N|OGWKCGZFUXNPDA-SBKPJQDDSA-N|OGWKCGZFUXNPDA-HAVDPRAOSA-N
751,vinorelbine,GBABOYUKABKIAF-IELIFDKJSA-N|GBABOYUKABKIAF-BXZSYHTRSA-N|GBABOYUKABKIAF-JKVZWNDSSA-N|GBABOYUKABKIAF-UHFFFAOYSA-N|GBABOYUKABKIAF-GHYRFKGUSA-N|GBABOYUKABKIAF-BNOAFZRRSA-N|GBABOYUKABKIAF-SULIYOFUSA-N
752,vitamin k 1,MBWXNTAXLNYFJB-NKFFZRIASA-N
753,voriconazole,BCEHBSKCWLPMDN-MGPLVRAMSA-N
754,warfarin,PJVWKTKQMONHTI-UHFFFAOYSA-N
755,yohimbe preparation,BLGXFZZNTVWLAY-SCYLSFHTSA-N
756,zafirlukast,YEEZWCHGZNKEEK-UHFFFAOYSA-N
757,zalcitabine,WREGKURFCTUGRC-POYBYMJQSA-N
758,zidovudine,HBOMLICNUCNMMY-XLPZGREQSA-N
759,zileuton,MWLSOWXNZPKENC-UHFFFAOYSA-N
760,ziprasidone,MVWVFYHBGMAFLY-UHFFFAOYSA-N
761,zolpidem,ZAFYATHCZYHLPB-UHFFFAOYSA-N
762,zonisamide,UBQNRHZMVUUOMG-UHFFFAOYSA-N
